,nombre
0,0-600
1,2 minutos
2,ACRU
3,ALBERTO GINASTERA
4,ALEJANDRO DOLINA
5,ARTIX!
6,Abel Aznar
7,Abel Fleury
8,Abel Pintos
9,Abril Olivera
10,Aca Seca Trio
11,Actitud Maria Marta
12,Acus
13,Ada Falcón
14,Adolfo Avilés
15,Adolfo Carabelli
16,Adolfo Carabelli y su Orquesta Típica
17,Adolfo Rivas
18,Adrian Dargelos
19,Adriana Varela
20,Adrián Abonizio
21,Adrián Iaies
22,Adrián Juárez
23,Adrián Otero
24,Afrosound Choir
25,Agapornis
26,Agos Nisi
27,Agus Cassano
28,Agustin Magaldi
29,Agustín Bardi
30,Agustín Guerrero
31,Agustín Irusta
32,Agustín Volpe
33,Ainda
34,Alambre Gonzalez
35,Alan Plachta
36,Alberto Amor
37,Alberto Carol
38,Alberto Castillo
39,Alberto Cortez
40,Alberto Diale
41,Alberto Echagüe
42,Alberto Ginastera
43,Alberto Gomez
44,Alberto Lago
45,Alberto Marino
46,Alberto Moran
47,Alberto Morán
48,Alberto Podestá
49,Alberto Rojo
50,Alberto Williams
51,Aldo Calderón
52,Ale Sergi
53,Alejandro Del Prado
54,Alejandro Franov
55,Alejandro Kauderer
56,Alejandro Lerner
57,Alejandro Manzoni
58,Alejandro Medina
59,Alejandro Picciano
60,Alejandro Terán
61,Alex Hoyer
62,Alfredo Abalos
63,Alfredo Alcón
64,Alfredo Belusi
65,Alfredo Casero
66,Alfredo De Angelis
67,Alfredo Del Río
68,Alfredo Gobbi
69,Alfredo Gobbi y su Orquesta Típica
70,Alfredo Lichter
71,Alfredo Remus
72,Alfredo Toth
73,Alicia Terzian
74,Almafuerte
75,Altocamet
76,Amadeo Mandarino
77,Amadeo Monges
78,Amelita Baltar
79,Americo Belloto
80,Amilcar Nadal
81,Amor Elefante
82,An Espil
83,AnToN KuRT
84,Anabella Cartolano
85,Andrea Prodan
86,Andres Chazarreta
87,Andres Falgas
88,Andrés Beeuwsaert
89,Andrés Calamaro
90,Andrés Chazarreta
91,Andrés Falgás
92,Andrés Gimenez
93,Andrés Goldstein
94,Andrés Ruiz
95,Andrés Spiller
96,Andy Chango
97,Angel Calvo
98,Angel Dominguez
99,Angel Vargas
100,Angel Villoldo
101,Angela Torres
102,Anibal Kerpel
103,Anibal Troilo
104,Anibal Troilo Y Su Cuarteto
105,Anton Arensky
106,Antonio Agri
107,Antonio Birabent
108,Antonio Buglione
109,Antonio Carrizo
110,Antonio Maida
111,Antonio Polito
112,Antonio Rios
113,Antonio Sinopoli
114,Antonio Sureda
115,Antonio Tarragó Ros
116,Aníbal Troilo
117,Aníbal Troilo & Su Orquesta Típica
118,Aníbal Troilo & Su Orquestra Típica
119,Aníbal Troilo Y Su Orquesta Típica
120,Aquiles Roggero
121,Arbolito
122,Argentino Galván
123,Argentino Ledesma
124,Arias Cáceres
125,Ariel Ardit
126,Ariel Argañaraz
127,Ariel Minimal
128,Ariel Puchetta
129,Ariel Ramírez
130,Ariel Rot
131,Armando Alonso
132,Armando Baliotti
133,Armando Garrido
134,Armando Laborde
135,Armando Pontier
136,Armando Pontier y su Orquesta Tipica
137,Asan
138,Astor Piazzolla
139,Astor Piazzolla Y Su Conjunto 9
140,Astor Piazzolla Y Su Quinteto
141,Astor Piazzolla y su Orquesta de Cuerdas
142,Astrosuka
143,Atahualpa Yupanqui
144,Atilio Bertagni
145,Atilio Bruni y Su Orquesta
146,Atilio Stampone y su Orquesta Tipica
147,Attaque 77
148,Audia Valdez
149,Axel
150,Axel Caram
151,Axel Fiks
152,Axel Mark
153,Axel Martinez
154,Aylu
155,Azucena Maizani
156,B-Sides
157,BB ASUL
158,BOOM BOOM KID
159,Babasónicos
160,Bahiano
161,Balbina Ramos
162,Baltasar Comotto
163,Bam Bam Miranda
164,Banda XXI
165,Bandalos Chinos
166,Barbara Kusa
167,Barbarita Palacios
168,Barda
169,Bardero$
170,Barrio Lindo
171,Beatríz Suarez Paz
172,Benicio Díaz
173,Benito Cerati
174,Bernardo Baraj
175,Bersuit Vergarabat
176,Bestia Bebé
177,Bizarrap
178,BlackDali
179,Blitto
180,Blunted Vato
181,Brenda Martin
182,Brian Lanzelotta
183,Brian Taylor
184,Broke Carrey
185,Bruno Arias
186,Bruno Galindo
187,Bruno LC
188,Buenos Aires Jazz Fusión
189,C.R.O
190,CA7RIEL
191,CLAUDIO MORGADO
192,CLUB HATS
193,Cacho Castaña
194,"Cacho Lafalce, Bernardo Baraj, Cacho Arce, Domingo Cura & Chino Rossi"
195,Cacho Tirao
196,Camanchaca
197,Camerata Bariloche
198,Capri
199,Carca
200,Carli Jiménez
201,Carlos Acuña
202,Carlos Aguirre
203,Carlos Almada
204,Carlos Almagro
205,Carlos Bahr
206,Carlos Bermúdez
207,Carlos Carabajal
208,Carlos Cutaia
209,Carlos Dante
210,Carlos Di Sarli
211,Carlos Di Sarli y su Orquesta Típica
212,Carlos Di Sarli y su orque...
213,Carlos Franzetti
214,Carlos Galarce
215,Carlos Garcia
216,Carlos Gardel
217,Carlos Groisman
218,Carlos Guastavino
219,Carlos Guido
220,Carlos Heredia
221,Carlos Lafuente
222,Carlos Lastra
223,Carlos Lazzari
224,Carlos López Buchardo
225,Carlos López Puccio
226,Carlos María Solare
227,Carlos Mayel
228,Carlos Mellino
229,Carlos Moscardini
230,Carlos Nozzi
231,Carlos Pesce
232,Carlos Rossi
233,Carlos Shaw
234,Carlos Villavicencio
235,Carlos Vivan
236,Carlos Viván
237,Carola Bony
238,Cayetano Alberto Silva
239,Cazzu
240,Cecilia Suarez Paz
241,Cecilia Zabala
242,Cecilia Zabala Group
243,Celedonio Flores
244,Celeste Carballo
245,Celina Varela
246,Chancha Via Circuito
247,Chango Farias Gomez
248,Chango Spasiuk
249,Chaqueño Palavecino
250,Charlo
251,Charly García
252,Charo Bogarín
253,Chiara Parravicini
254,Chico Novarro
255,Chita
256,Chivo Borraro
257,Chizzo Napoli
258,Chocolate Fogo
259,Chola Luna
260,Christian Powditch
261,Christian Zárate
262,Chucky de Ípola
263,Chulu
264,Cieloazul
265,Cigarra
266,Cintia Aldana
267,Ciriaco Ortiz
268,Cirilo Fernandez
269,Ciro Fogliatta
270,Ciro y los Persas
271,Clara Cava
272,Claudia Brant
273,Claudia Puyó
274,Claudio Gabis
275,Claudio Marciello
276,Cobra Rod
277,Come & C
278,Coni Cibils
279,Connie Isla
280,Conociendo Rusia
281,Contra Las Cuerdas
282,Coqeéin Montana
283,Coqui Sosa
284,Coti
285,Cristian Zárate
286,Cristina Banegas
287,Cristóbal Repetto
288,Cuarteto Guardia Vieja
289,Cuarteto Zupay
290,Cuti Carabajal
291,Cátulo Castillo
292,César Angeleri
293,César Franov
294,César Ginzo
295,Cítrico
296,D-Mente
297,DEFENSA
298,Dabow
299,Daiana Leonelli
300,Dakillah
301,Damas Gratis
302,Damian Bolotin
303,Damian Cordoba
304,Damián Sanchez
305,Dancing Mood
306,Dani Ribba
307,Daniel Agostini
308,Daniel Altamirano
309,Daniel Barenboim
310,Daniel Barenboim/New Philharmonia Orchestra/Pierre Boulez
311,Daniel Binelli
312,Daniel Buira
313,Daniel Castro
314,Daniel Colombres
315,Daniel Diaz
316,Daniel Falasca
317,Daniel Maza
318,Daniel Melero
319,Daniel Melingo
320,Daniel Montenegro
321,Daniel Piazzolla Octet
322,Daniel Riolobos
323,Daniel Tarrab
324,Daniela Herrero
325,Daniela Spalla
326,Dante Amicarelli
327,Dante Anzolini
328,Dante Spinetta
329,Dario Jalfin
330,Dat García
331,David Lebón
332,David Lebón Jr
333,De La Rivera
334,Deborah De Corral
335,Deborah Dixon
336,Delfina Campos
337,Demi Carabajal
338,Demian Chorovicz
339,Demoliendo Tangos
340,Diego Arnedo
341,Diego Rolón
342,Diego Schissi
343,Diego Schissi Quinteto
344,Diego Solís
345,Diego Torres
346,Diego Urcola
347,Dillom
348,Dinastía
349,Dino Saluzzi
350,Dios Loko
351,Diosque
352,Divididos
353,Divina Gloria
354,Dolores Solá
355,Domingo Cura
356,Domingo Lombardi
357,Donald
358,Donna Caroll
359,Dora De Marinis
360,Dorita Davis
361,Duki
362,Duo Coplanacu
363,Désirée Halac
364,Dúo Nuevo Cuyo
365,Dúo Salteño
366,Ecko
367,Edelmiro Molinari
368,Edgardo Cardozo
369,Edgardo Donato
370,Edmundo Rivero
371,Edmundo Rivero con Acompañamiento de Guitarras
372,Eduardo Adrian
373,Eduardo Adrián
374,Eduardo Arolas
375,Eduardo Bergallo
376,Eduardo Eguez
377,Eduardo Falú
378,Eduardo García de Zúñiga
379,Eduardo Lagos
380,Egle Martin
381,El Chacal & Los Alpes Floreados
382,El Chavez
383,El Gato Muñoz
384,El Kuelgue
385,El Otro Yo
386,El Polaco
387,El Quintetito de Marcelo Véliz
388,El Remolón
389,El Retutu
390,El Simbolo
391,El Zar
392,El príncipe idiota
393,Eladia Blazquez
394,Elena Roger
395,Elias Khayat
396,Elvino Vardaro
397,Emanero
398,Emilia
399,Emilia Siede
400,Emilia Wingeyer
401,Emilio Balcarce
402,Emilio Kauderer
403,Emisor
404,Emkier
405,Emmanuel Horvilleur
406,Emme
407,Enero Será Mío
408,Enlace Styla
409,Enrique Alessio
410,Enrique Cadícamo
411,Enrique Campos
412,Enrique Delfino
413,Enrique Dizeo
414,Enrique Francini
415,Enrique Munne
416,Enrique Norris
417,Ernesto Acher
418,Ernesto Acher Chamber Orchestra
419,Ernesto Baffa
420,Ernesto Fama
421,Ernesto Guevara
422,Ernesto Jodos
423,Ernesto Romeo
424,Ernesto Rossi
425,Ernesto Snajer
426,Ernesto Sábato
427,Eruca Sativa
428,Escalandrum
429,Esteban Falabella
430,Esteban Morgado
431,Estela Raval
432,Ezequiel Araujo
433,Ezequiel Cantero
434,Ezequiel Dutil
435,FLORIAN
436,FMK
437,Faauna
438,Fabiana Cantilo
439,Fabián Martín
440,Fabián Miodownik
441,Fabián Panisello
442,Fabián Zylberman
443,Facundo Barrionuevo
444,Facundo Cabral
445,Facundo Gimenez
446,Facundo Guevara
447,Facundo Ramirez
448,Facundo Ramírez y Lolita Torres
449,Facundo Saravia
450,Facundo Soto
451,Fantasma
452,Fauna
453,Fede Flores
454,Fede Gareis
455,Fede Toledo
456,Fede Vigevani
457,Federico Estevez
458,Federico Jusid
459,Federico Lechner
460,Federico Mizrahi
461,Felix Gutierrez
462,Fena Della Maggiora
463,Feral Fauna
464,Fernando
465,Fernando Albareda
466,Fernando De Madariaga
467,Fernando Diaz
468,Fernando Ferandiere
469,Fernando Gallimany
470,Fernando Gelbard
471,Fernando Lamas
472,Fernando Martínez
473,Fernando Rabih
474,Fernando Ruiz Diaz
475,Fernando Samalea
476,Fernando Soler
477,Fernando Suárez Paz
478,Fernando Viani
479,Fernando Xamena
480,Fernández 4
481,Fernándo Díaz
482,Fianru
483,Fidel Nadal
484,Fito Paez
485,Fito Páez
486,Flavio Etcheto
487,Flavius E.
488,Flopa
489,Flopa Lestani
490,Floreal Ruiz
491,Florencia Bernales
492,Florencia Paz
493,Florencia Ruiz
494,Florindo Sassone
495,Francisca y Los Exploradores
496,Francisco Amor
497,Francisco Canaro
498,Francisco Canaro & His Orchestra
499,Francisco Canaro Y Su Orquesta
500,Francisco Canaro Y Su Orquestra Tipica
501,Francisco Fiorentino
502,Francisco Fiorentino Y Su Orquestra Tipica
503,Francisco Fiorentino y Su Orquestra Típica
504,Francisco García Jiménez
505,Francisco Lomuto
506,Francisco Lomuto y su Orquesta Típica
507,Francisco Pracánico
508,Francisco de Caro
509,Franco Luciani
510,Franco Ramirez
511,Franky Style
512,Frijo
513,Frikstailers
514,Félix Luna
515,Fémina
516,Fútbol
517,Gabo Ferro
518,Gabriel Castagna
519,Gabriel Pedernera
520,Gabriel Senanes
521,Gabriel Sivak
522,Gaby Kerpel
523,Gady Pampillón
524,Galean
525,Galo García
526,Gandu
527,Gaston Pauls
528,Gastón Bernardou
529,Gato Barbieri
530,Gauchos de Acero
531,Gerardo Gandini
532,Gerardo Jerez Le Cam
533,Gerardo López
534,Germán Cohen
535,Germán Gómez
536,Gerónimo Gradito
537,Gilda
538,Gillespi
539,Gloria Diaz
540,Golpe Erótico
541,Gonzalo Aloras
542,Goy Karamelo
543,Goy Ogalde
544,Goyo Degano
545,Graciela Carabajal
546,Graciela Oddone
547,Gringui Herrera
548,Grupo Cali
549,Grupo Vocal Argentino
550,Guadalupe Gómez
551,Guadalupe Raventos
552,Guazú
553,Guido Sava
554,Guillermo Barbieri
555,Guillermo Beresñak
556,Guillermo Bonetto
557,Guillermo Coral
558,Guillermo Fernández
559,Guillermo Klein
560,Guillermo Rico
561,Guillermo Rubino
562,Guillermo Vadala
563,Gus Goncalves
564,"Gustavo ""Cuchi"" Leguizamon"
565,Gustavo Bergalli
566,Gustavo Beytelmann
567,Gustavo Cerati
568,Gustavo Cordera
569,Gustavo Giannini
570,Gustavo Lamas
571,Gustavo Musso
572,Gustavo Santaolalla
573,Haien Qiu
574,Halpe
575,Hamlet Lima Quintana
576,Hector Ayala
577,Hector Palacios
578,Hector Pilatti
579,Hector de Rosas
580,Hermetics
581,Hernan Hecht
582,Hernan Ríos
583,Hernan Salinas
584,Hernán Jacinto
585,Hernán Langer
586,Hernán Lucero
587,Hernán Ortiz
588,Hernán Ríos
589,Hilda Herrera
590,Hilda Lizarazu
591,Homer El Mero Mero
592,Horacio Banegas
593,Horacio Cásares
594,Horacio Fumero
595,Horacio Guarany
596,Horacio Lagos
597,Horacio Lavandera
598,Horacio Malvicino
599,Horacio Pozzo
600,Horacio Quintana
601,Horacio Romo
602,Horacio Salgán
603,Huella Pampa
604,Hugo Del Carril
605,Hugo Del Carril con Guitarras
606,Hugo Del Carril con Orquesta
607,Hugo Diaz (Su Armónica) y sus Changos
608,Hugo Diaz Y Sus Changos
609,Hugo Diz
610,Hugo Duval
611,Hugo Díaz
612,Hugo Jordan
613,Hugo Lobo
614,Hugo Marcel
615,Hugo Romero
616,Huinca
617,Héctor Console
618,Héctor De Rosas
619,Héctor Farrel
620,Héctor Negro
621,Héctor Pacheco
622,Héctor Pilatti
623,Héctor Stamponi
624,Héctor Varela
625,"Héctor Varela ""El As Del Tango"" y su Orquesta Típica"
626,Héctor Varela El As Del Tango y su Orquesta Típica
627,Héctor Varela y su Orquesta Típica
628,Ica Novo
629,Ideal
630,Ignacio Corsini
631,Ignacio López
632,Il Carlo
633,Ilan Amores
634,Ill Quentin
635,Indio Solari
636,Inés Estévez
637,Irma Urteaga
638,Isabel De Grana
639,Isabel De Sebastian
640,Isla de Caras
641,Isla de los Estados
642,Ismael Spitalnik
643,Ivan Noble
644,JAF
645,Jacinto Piedra
646,Jaime Gosis
647,Jaime Torres
648,Jairo
649,Jairo Vera
650,Jambao
651,Jason Mowry
652,"Javier ""La Pepa"" Brizuela"
653,Javier Calamaro
654,Javier Casalla
655,Javier Cohen
656,Javier Hinojosa
657,Javier Malosetti
658,Javier Martinez Vallejos
659,Javier Montalto
660,Javier Navascués
661,Jazmin Esquivel
662,Jeebz
663,Jeronimo Carmona
664,Jimmy Y Su Combo Negro
665,Jin Yerei
666,Joan Sprei
667,Joaquín Levinton
668,Joaquín Mora
669,John C
670,Jordan Grigg
671,Jorge Anders
672,Jorge Araujo
673,Jorge Calandrelli
674,Jorge Caldara
675,Jorge Cardoso
676,Jorge Casal
677,Jorge Cumbo
678,Jorge Falcón
679,Jorge Fandermole
680,Jorge Giuliano
681,Jorge Gomez Crespo
682,Jorge González
683,Jorge Labanca
684,Jorge Lopez Ruiz
685,Jorge Luis Borges
686,Jorge López Ruiz
687,Jorge Maciel
688,Jorge Maronna
689,Jorge Morel
690,Jorge Navarro
691,Jorge Omar
692,Jorge Ortiz
693,Jorge Rojas
694,Jorge Serrano
695,Jorge Sobral
696,Jorge Vidal
697,Jose Basso
698,Jose Luis Merlin
699,Jose Pascual
700,Jose Ricardo
701,José Bohr
702,José Bragato
703,José Carli
704,José Colangelo
705,José Colángelo
706,José Francisco Ingaramo
707,José Gonzalez Castillo
708,José Luis Colzani
709,José Maria Saluzzi
710,José María Suñé
711,José Ricardo
712,Juan Bautista Guido
713,Juan Bayon
714,Juan Caldarella
715,Juan Canosa
716,Juan Carlos Baglietto
717,Juan Carlos Caceres
718,Juan Carlos Cambon y Su Orquesta
719,Juan Carlos Cambón
720,Juan Carlos Casas
721,Juan Carlos Cobian
722,Juan Carlos Cobián
723,Juan Carlos Cobos
724,Juan Carlos Godoy
725,Juan Carlos Ingaramo
726,Juan Carlos Miranda
727,Juan Carlos Rolón
728,Juan Carlos Thorry
729,Juan Carlos Tolosa
730,Juan Carlos Zorzi
731,Juan Cruz De Urquiza
732,Juan Darthes
733,Juan De Dios Filiberto
734,Juan Esteban Cuacci
735,Juan Falú
736,Juan Haymes
737,Juan Ignacio Sueyro
738,Juan Ingaramo
739,Juan José Castro
740,Juan José Mosalini
741,Juan Lauga
742,Juan Luqui
743,Juan Pablo Di Leone
744,Juan Pablo Navarro
745,Juan Parga
746,Juan Puey
747,Juan Quintero
748,Juan Ramon
749,Juan Salinas
750,Juan Sebastian Delgado
751,Juanchi Baleiron
752,Juanchi Baleirón
753,Juanito El Cantor
754,Juanjo Dominguez
755,Juanjo Mosalini
756,Juanse
757,Julia Morgado
758,Julia Zenko
759,Julian Kartun
760,Julian Plaza
761,Julian Sanza
762,Julian Vat
763,Juliana Gattas
764,Julieta Laso
765,Julio Cortázar
766,Julio De Caro
767,Julio Domínguez
768,Julio Franchi
769,Julio Martel
770,Julio Martinez
771,Julio Martinez Oyanguren
772,Julio Pane
773,Julio Santillan
774,Julián Aguirre
775,Junior P
776,Junior P Jahorah
777,Justo Lamas
778,K4
779,KAKTOV
780,KHEA
781,KR3TURE
782,Kaktov
783,Kaleb Di Masi
784,Kaleema
785,Kali Sandoval
786,Kangrejoz
787,Kapanga
788,Karamelo Santo
789,Karen Méndez
790,Karin Lechner
791,Karin Lechner | Sergio Tiempo
792,Karina
793,Karina Cohen
794,Kashmir Orquesta
795,Kevin Johansen
796,Kid Munni
797,Kiddo Toto
798,King Clave
799,King Coya
800,Klan
801,Kodigo
802,Kris Alaniz
803,Kumbia Queers
804,L-Gante
805,LIT killah
806,LOUTA
807,LUVI TORRES
808,La Barra
809,La Bomba de Tiempo
810,La Bruja Salguero
811,La Chilinga
812,La Chimera
813,La Contreras
814,La Delio Valdez
815,La Duraca
816,La Fuerza Suave
817,La Konga
818,La Mississippi
819,La Mona Jimenez
820,La Perra Que Los Parió
821,La Renga
822,La Repandilla
823,La Viajerita
824,La Yegros
825,Lagartijeando
826,"Lagartijeando, Sajra"
827,Lali
828,Lalo De Los Santos
829,Lalo Martel
830,Lalo Schifrin
831,"Lalo Schifrin Conducts Stravinsky, Schifrin, And Ravel"
832,Lara91k
833,Las Pelotas
834,Las manos de Filippi
835,Lauphan
836,Lautaro Heredia
837,Le Freak Selector Remix
838,Leandro Fresco
839,Leda Valladares
840,Leo Dan
841,Leo García
842,Leo Genovese
843,Leo Sujatovich
844,Leo Villagra
845,Leonardo Suarez Paz
846,Leopoldo Deza
847,Leopoldo Federico
848,Leopoldo Federico Cuarteto
849,León Gieco
850,Libertad Lamarque
851,Lidia Borda
852,Ligia Piro
853,Lil Troca
854,Liliana Herrero
855,Liliana Rodriguez
856,Liliana Vitale
857,Liliana Zavala
858,Lilián Saba
859,Lisandro Aristimuño
860,Lita Morales
861,Literal
862,Lito Cruz
863,Lito Epumer
864,Lito Vitale
865,Litto Nebbia
866,Lo' Pibitos
867,Lola Arias
868,Lola Ponce
869,Loli Molina
870,Lolita Torres
871,Lolo Micucci
872,Lorelei Taron
873,Lorena Astudillo & Daniel Maza
874,Los Abuelos De La Nada
875,Los Alonsitos
876,Los Auténticos Decadentes
877,Los Besos
878,Los Caligaris
879,Los Chakales
880,Los Charros
881,Los Fabulosos Cadillacs
882,Los Fronterizos
883,Los Fundamentalistas del Aire Acondicionado
884,Los Guarros
885,Los Manseros Santiagueños
886,Los Músicos del Centro
887,Los Nocheros
888,Los Nuñez
889,Los Palmeras
890,Los Piojos
891,Los Reyes del Falsete
892,Los Tekis
893,Los Tipitos
894,Los Tucu Tucu
895,Lovorne
896,Lucas & The Woods
897,Lucas González Yancamil
898,Lucas Martí
899,Lucho Gonzalez
900,Lucho SSJ
901,Lucia Galan
902,Luciana Corral
903,Luciana Jury
904,Luciana Tagliapietra
905,Luciano Leocata
906,Luciano Napolitano
907,Luciano Pereyra
908,Lucila Dominguez
909,Lucio Demare
910,Lucio Mantel
911,Lucy Patané
912,Lucía Boffo
913,Luis Alberto Spinetta
914,Luis Bacalov
915,Luis Borda
916,Luis Brighenti
917,Luis Diaz
918,Luis Díaz
919,Luis Gaeta
920,Luis Gianneo
921,Luis Gurevich
922,Luis Salinas
923,Luis Sebastian
924,Luis Teisseire
925,Lula Bertoldi
926,Lulacruza
927,Lulo Isod
928,Luna Monti
929,Luvi Torres
930,Lía Cimaglia Espinosa
931,MANU OLIVA
932,MAX
933,MYA
934,Magdalena Fleitas
935,Magui Olave
936,Maia Reficco
937,Mala Fama
938,Malena Villa
939,Manu Caizza
940,Manu Martínez
941,Manu Rg
942,Manu Sija
943,Manuel Fraga
944,Manuel Gomez Carrillo
945,Manuel Moretti
946,Manuel Sucher
947,Manuel Wirzt
948,Marcela Morelo
949,Marcela Roggeri
950,Marcelo Baraj
951,Marcelo Chiodi
952,Marcelo Coronel
953,Marcelo Corvalan
954,Marcelo Delgado
955,Marcelo Gomez
956,Marcelo Nisinman
957,Marcelo Peralta
958,Marcelo Torres
959,Marcelo Álvarez
960,Marcianos Crew
961,Marcos Cabezaz
962,Maria Becerra
963,Maria De La Fuente
964,Maria Graña
965,Maria José Demare
966,Maria Volonte
967,Mariana Baraj
968,Mariana Bianchini
969,Mariana Coronel
970,Mariana Kesselman
971,Mariana Päraway
972,Mariano Castro
973,Mariano Delgado
974,Mariano Godoy
975,Mariano Loiacono
976,Mariano Loiácono
977,Mariano Lopez
978,Mariano Malamud
979,Mariano Martinez
980,Mariano Mores
981,Mariano Mores Y Su Sexteto
982,Mariano Otero
983,Mariano Sivori
984,Marilina Bertoldi
985,Marina Fages
986,Mario Alonso
987,Mario Clavell
988,Mario Demarco
989,Mario Fiocca
990,Mario Pomar
991,Mario Pomar Corrales
992,Mario Raskin
993,Martha Argerich
994,Martin Bruhn
995,Martin Podesta
996,"Martín ""Mono"" Fabio"
997,Martín Elizalde
998,Martín Pantyrer
999,Martín Podestá
1000,Martín Reznik
1001,Martín Vega
1002,Marya
1003,María Elena Walsh
1004,María Ezquiaga
1005,María Fernanda Aldana
1006,María Isabel Siewers
1007,María Luisa Anido
1008,María Martha Serra Lima
1009,María Rosa Yorio
1010,María Volonté
1011,Mateo Sujatovich
1012,Mati Zapata
1013,Matias Romero
1014,Matt Lasong
1015,Matías Méndez
1016,Mauricio Marcelli
1017,Mavi Díaz
1018,Maxi Pardo
1019,Maximo Diego Pujol
1020,Mechi Pieretti
1021,Mercedes Simone
1022,Mercedes Sosa
1023,Mery Granados
1024,Meteoros
1025,Mex Urtizberea
1026,Miau Trío
1027,Micaela Chauque
1028,Migue Garcia
1029,Migue Granados
1030,"Miguel ""Maikel"" de luna campos"
1031,Miguel Angel Tallarita
1032,Miguel Calo
1033,Miguel Cantilo
1034,Miguel Mateos - Zas
1035,Miguel Montero
1036,Miguel Zavaleta
1037,Mike Southside
1038,Milrayos
1039,Mimi Maura
1040,Miranda!
1041,Miriam García
1042,Mirtha Defilpo
1043,Miss Bolivia
1044,Monkey Kids
1045,Moris
1046,Motta Luna
1047,Muerejoven
1048,Muray
1049,Mya feat. Spice
1050,Mya feat. Stacie & Lacie
1051,Mya feat. Trina
1052,Mónica Abraham
1053,Mónica Cosachov
1054,NEGRO DUB
1055,Nacha Guevara
1056,Nacha Roldán
1057,Nacho Nacif
1058,Nación Ekeko
1059,Nadia Larcher
1060,Nahuel Briones
1061,Nahuel Pennisi
1062,Naiky Unic
1063,Narciso Saúl
1064,Natalia Margulis
1065,Natalia Pastorutti
1066,Natalie Perez
1067,Nayla Lebón
1068,Nelly Omar
1069,Nelly Vazquez
1070,Nelson Goerner
1071,Nene Bellako
1072,Neo Pistea
1073,Nestor Astarita
1074,Nestor En Bloque
1075,Nestor Fabian
1076,Nicki Nicole
1077,Nico Cota
1078,Nicolás Enrich
1079,Nicolás Guerschberg
1080,Nicolás Pauls
1081,Nina Suárez
1082,Nini Flores
1083,Nito Mestre
1084,Nolberto Al k la
1085,Nonpalidece
1086,Norberto Capelli
1087,Norberto Minichillo
1088,Néstor Marconi
1089,Néstor Marconi Octeto
1090,ODD MAMI
1091,ONIRIA
1092,Obie Wanshot
1093,Odino Faccia
1094,Olga Alba Barreto
1095,Olga Barboaza
1096,Olga Joukova
1097,Omar Mollo
1098,Omar Varela
1099,Onda Vaga
1100,Orlando Verri
1101,Orozco Barrientos
1102,Orquesta Estable del Teatro Colón
1103,Orquesta Filarmonica De Buenos Aires
1104,Orquesta Sinfónica Nacional Juvenil José de San Martín
1105,Orquesta Sinfónica Nacional de Paraguay
1106,Orquesta Sinfónica Nacional de la República Argentina
1107,Orquesta Tipica Porteña
1108,Orquesta Tipica Victor
1109,Orquesta Típica Porteña
1110,Ortega del Cerro
1111,Oscar Alem
1112,Oscar Aleman & Su Quinteto De Swing
1113,Oscar Aleman Y Su Conjunto De Jazz
1114,Oscar Bassil
1115,Oscar Belondi
1116,Oscar Castagniaro
1117,Oscar Feldman
1118,Oscar Ferrari
1119,Oscar Giunta
1120,Oscar Kreimer
1121,Oscar Larroca
1122,Oscar Lopez Ruiz
1123,Oscar López Ruiz
1124,Oscar Mediavilla
1125,Oscar Moro
1126,Oscar Rubens
1127,Oscar Serpa
1128,Osmar Maderna
1129,Osmar Maderna y su Orquesta Tipica
1130,Osvaldo Acedo
1131,Osvaldo Avena
1132,Osvaldo Berlingieri
1133,Osvaldo Berlingieri y su Orquesta
1134,Osvaldo Fresedo
1135,Osvaldo Fresedo O.T.
1136,Osvaldo Fresedo O.T. con Roberto Ray
1137,Osvaldo Golijov
1138,Osvaldo Manzi
1139,Osvaldo Pugliese
1140,Osvaldo Pugliese Orquesta
1141,Osvaldo Pugliese con Jorge Maciel y Miguel Montero
1142,"Osvaldo Pugliese, Jorge Maciel"
1143,Osvaldo Ramos
1144,Osvaldo Requena
1145,Osvaldo Ribo
1146,Osvaldo Ribó
1147,Osvaldo Ruggiero
1148,Pablo Agri
1149,Pablo Dacal
1150,Pablo Del Cerro
1151,Pablo Despeyroux
1152,Pablo Green
1153,Pablo Grinjot
1154,Pablo Lescano
1155,Pablo Lezcano
1156,Pablo Mainetti
1157,Pablo Molina
1158,Pablo Motta
1159,Pablo Márquez
1160,Pablo Paz
1161,Pablo Vidal
1162,Pablo Ziegler
1163,Paco Amoroso
1164,Palito Ortega
1165,Palo Pandolfo
1166,Paloma del Cerro
1167,Panther
1168,Papichamp
1169,Pappo
1170,Papu DJ
1171,Parcas
1172,Patricia Barone
1173,Patricia Da Dalt
1174,Patricia Lasala
1175,Patricia Sosa
1176,Paula Almerares
1177,Paula Balassanian
1178,Paula Maffia
1179,Paula Pomeraniec
1180,Paula Pomeraniek
1181,Paulina Fain
1182,Paulo Londra
1183,Paz Martínez
1184,Pedro Aznar
1185,Pedro Datta
1186,Pedro Lauga
1187,Pedro Laurenz
1188,Pedro Maffia
1189,Pedro Noda
1190,Pedro Rossi
1191,Pedro Saenz
1192,Pekeño 77
1193,Pepe Ferrer
1194,Percival Benedict Kahn
1195,Perotá Chingó
1196,Perro Primo
1197,Peteco Carabajal
1198,Pety
1199,Phunktastike
1200,Picnic
1201,Piero
1202,Pimpinela
1203,Piti Fernández
1204,Pity Alvarez
1205,Piñon Fijo
1206,Pocho La Pantera
1207,Pocho Lapouble
1208,Poirier
1209,Pol Nada
1210,Poli y Prietto
1211,Polifemo
1212,Poncho
1213,Popi Spatocco
1214,Poseidotica
1215,Potra
1216,Princesa
1217,Principe Azul
1218,Príncipe Azul
1219,Puel Kona
1220,Pyura
1221,Pájaro de Fuego
1222,Púrpura Pansa
1223,Quinteto Pirincho
1224,Quintino Cinalli
1225,Quique Condomí
1226,Quique Sinesi
1227,QuixSmell
1228,Rafael Gintoli
1229,Rafael Varela
1230,Rafael del Bagno
1231,Raly Barrionuevo
1232,Ramiro Flores
1233,Ramiro Gallo
1234,Ramiro Gallo String Orchestra
1235,Ramiro Jota
1236,Ramona Galarza
1237,Ramón Navarro
1238,Ramón Navarro (h)
1239,Ramón Sixto Ríos
1240,Ratones Paranoicos
1241,Ratones Paranoicos & Alejandro Lerner
1242,Ratones Paranoicos & Alfredo Toth
1243,Raul Beron
1244,Raul Carnota
1245,Raul Carnota Trio
1246,Raul Garello
1247,Raul Iriarte
1248,Raul Porchetto
1249,Rayador
1250,Rayos Láser
1251,Raúl Barboza
1252,Raúl Berón
1253,Raúl Carnota
1254,Raúl Lavié
1255,Rei
1256,Reinaldo Yiso
1257,Ricardo Iorio
1258,Ricardo Lew
1259,Ricardo Mollo
1260,Ricardo Moyano
1261,Ricardo Ruiz
1262,Ricardo Soule
1263,Ricardo Tanturi
1264,Ricardo Tanturi y su Orquesta Típica Los Indios
1265,Ricardo Tapia
1266,Ricardo Tapia (La Mississippi)
1267,Richard Coleman
1268,Richard Nant
1269,Riddim Wise
1270,Roberto Arrieta
1271,Roberto Calvo
1272,Roberto Carabajal
1273,Roberto Chanel
1274,Roberto Diaz
1275,Roberto Diaz Velado
1276,Roberto Díaz
1277,Roberto Firpo
1278,Roberto Florio
1279,Roberto Goyeneche
1280,Roberto Grela
1281,Roberto Grela y su Cuarteto Tipico
1282,Roberto Maida
1283,Roberto Medina
1284,Roberto Morel
1285,Roberto Quiroga
1286,Roberto Ray
1287,Roberto Rufino
1288,Roberto Videla
1289,Roberto Yanes
1290,Rocio Igarzabal
1291,Rocío Quiroz
1292,Rodolfo Alchourrón
1293,Rodolfo Biagi
1294,Rodolfo Galé
1295,Rodolfo Garcia
1296,Rodolfo Lesica
1297,Rodolfo Mederos
1298,Rodolfo Sciammarella
1299,Rodrigo
1300,Rodrigo Crespo
1301,Rodrigo Dominguez
1302,Rodrigo Montero
1303,Rodrigo Puente
1304,Rodrigo Rabery
1305,Rodrigo Reparaz
1306,Rodrigo Ríos
1307,Rodrigo Tapari
1308,Rolando Goldman
1309,Rolando Sartorio
1310,Romina Cohn
1311,Roque Narvaja
1312,Rosal
1313,Rosario Bléfari
1314,Rosario Ortega
1315,Rosita Quiroga
1316,Roxana Carabajal
1317,Ruben Lobo
1318,Ruben Lopez Furst
1319,Rubén Dubrovsky
1320,Rubén Goldín
1321,Rubén Juárez
1322,Rudy
1323,Rusherking
1324,SWF-Rundfunkorchester
1325,Said
1326,Sandra Luna
1327,Sandra Mihanovich
1328,Sandro
1329,Santiago Córdoba
1330,Santiago Moraes
1331,Santiago Motorizado
1332,Santiago Segret
1333,Santiago Vázquez
1334,Sara Hebe
1335,Sara Mamani
1336,Saramalacara
1337,Saul Cosentino
1338,Scorpio
1339,Seba Landro
1340,Seba TC
1341,Sebastian Kramer
1342,Sebastian Llapur
1343,Sebastian Piana
1344,Sebastian Schon
1345,Sebastián Schon
1346,Sebastián de Urquiza
1347,Selecta
1348,Sergio Aranda
1349,Sergio Merce
1350,Sergio Mihanovich
1351,Sergio Natali
1352,Sergio Tiempo
1353,Sergio Verdinelli
1354,Sergio Villar
1355,Seven Kayne
1356,Sexteto Mayor
1357,Sexteto Tango
1358,Shaman Herrera
1359,SidiRum
1360,Sig Ragga
1361,Silvia Iriondo
1362,Silvina Garre
1363,Silvina López
1364,Silvina Moreno
1365,Sixto Palavecino
1366,Sixto Yegros
1367,Skay Beilinson
1368,Slim Dee
1369,Sobrenadar
1370,Soema Montenegro
1371,Sof Tot
1372,Sofia Rei
1373,Sofja
1374,Sol Bassa
1375,Sol Mihanovich
1376,Sol Pereyra
1377,Soledad
1378,Soledad Pastorutti
1379,Sonia Alvarez
1380,Sonia Álvarez
1381,Soy Emilia
1382,Spinetta Jade
1383,Sr. Flavio
1384,Suna Rocha
1385,Super Ratones
1386,Susy Shock
1387,T&K
1388,TAILS
1389,TINI
1390,Taa Huayras
1391,Taiu
1392,Tango Negro Trio
1393,Tangoloco (Daniel García Quinteto)
1394,Taty Almeida
1395,Tavo Kupinski
1396,Tei Shi
1397,Teofilo Ibañez
1398,Terceto Murillo
1399,Teresa Parodi
1400,Terig Tucci y Su Orquesta
1401,The Cherry Blues Project
1402,The Sacados
1403,Thornato
1404,Tiago PZK
1405,Tita Merello
1406,Tito Fargo
1407,Tito Landó
1408,Tito Losavio
1409,Tito Reyes
1410,Todos Tus Muertos
1411,Tomas Gubitsch
1412,Tomy DJ
1413,Tomy Sainz
1414,Tomás Babjaczuk
1415,Tomás Lebrero
1416,Trio Luminar
1417,Trueno
1418,Turf
1419,UN
1420,Ubaldo De Lio
1421,Ubaldo de Lío
1422,Uji
1423,Ulises Bueno
1424,Ulises Butrón
1425,Ulises Conti
1426,Un Mono Azul
1427,Un Tipo Sin Ritmo
1428,Usted Señalemelo
1429,Valentin Surif
1430,Valeria Bertuccelli
1431,Valeria Lynch
1432,Vandera
1433,Vane Mihanovich
1434,Veeyam
1435,Veronica Condomi
1436,Verónica Condomí
1437,Vic Bang
1438,Vicente Demarco
1439,Vicente Greco
1440,Vicente Salerno
1441,Vicente Spina
1442,Vicentico
1443,Victor Carrión
1444,Victor Heredia
1445,Victor Villadangos
1446,Victoria Birchner
1447,Victoria Diaz
1448,Victoria Morán
1449,Viejas Locas
1450,Vilma Palma e Vampiros
1451,Violeta Castillo
1452,Violeta Rivas
1453,Violetta Arriaza
1454,Virginia Lago
1455,Vitico
1456,Vitillo Ábalos
1457,Vivencia
1458,Vivi Pozzebón
1459,Vocal Melopea
1460,Vox Dei
1461,Víctor Lavallén
1462,Víctor Torres
1463,WOS
1464,Waldo De Los Rios Y Su Orquesta
1465,Walter Broide
1466,Walter Heinze
1467,Walter Meza
1468,Walter Ríos
1469,Walter Ríos (bandoneón)
1470,Wen
1471,Wenceslada
1472,Willy Crook
1473,Willy Quiroga
1474,Wirchi
1475,XLAB
1476,XOVOX
1477,XXL Irione
1478,YSY A
1479,Yamila Cafrune
1480,Yesan 雪山
1481,ZARAMAY
1482,Zaida Saiace
1483,Zaramay
1484,Zato DJ
1485,Zero Kill
1486,Zoe Gotusso
1487,Zort
1488,boom boom kid
1489,dinastia
1490,emisor
1491,fede herrera
1492,théos
1493,Ángel Bonura
1494,Ángel Vargas
1495,Árbol
